[
  {
    "base": "be",
    "past": "was/were",
    "participle": "been",
    "frequency": "high"
  },
  {
    "base": "become",
    "past": "became",
    "participle": "become",
    "frequency": "medium"
  },
  {
    "base": "begin",
    "past": "began",
    "participle": "begun",
    "frequency": "high"
  },
  {
    "base": "break",
    "past": "broke",
    "participle": "broken",
    "frequency": "medium"
  },
  {
    "base": "bring",
    "past": "brought",
    "participle": "brought",
    "frequency": "high"
  },
  {
    "base": "buy",
    "past": "bought",
    "participle": "bought",
    "frequency": "high"
  },
  {
    "base": "come",
    "past": "came",
    "participle": "come",
    "frequency": "high"
  },
  {
    "base": "do",
    "past": "did",
    "participle": "done",
    "frequency": "high"
  },
  {
    "base": "eat",
    "past": "ate",
    "participle": "eaten",
    "frequency": "medium"
  },
  {
    "base": "go",
    "past": "went",
    "participle": "gone",
    "frequency": "high"
  }
]